timestamp,keyword,totalResults,top1_title,top1_url,top2_title,top2_url,top3_title,top3_url
2025-10-10 13:37:50,KGNINJA,8580,"KG-NINJA on X: ""COCOSSDdemo #KGNINJA https://t.co ...",https://x.com/FuwaCocoOwnerKG/status/1972958312686829982,KGninja (kgninja8) - Profile | Pinterest,https://www.pinterest.com/kgninja8/,How long and what temperature for topside of beef (1.4kg) Ninja ...,https://www.facebook.com/groups/589431816077564/posts/768252014862209/
2025-10-10 13:37:50,KGNINJA AI,714,"KG-NINJA on X: ""Objective analysis of my Nano Banana Hackathon ...",https://x.com/FuwaCocoOwnerKG/status/1972942649301823709,Names: Okazaki Jiro Clan: None (The origin of his kekkei genkai is ...,https://www.instagram.com/p/C7xrKP0MyH9/,KG-NINJA (@FuwaCocoOwnerKG) / X,https://x.com/fuwacocoownerkg?lang=en
2025-10-10 13:37:50,AIEO,208000,American Indian Environmental Office (AIEO) | US EPA,https://www.epa.gov/tribal/american-indian-environmental-office-aieo,Artificial Intelligence Engine Optimization (AIEO): The Future of ...,https://www.linkedin.com/pulse/artificial-intelligence-engine-optimization-aieo-future-daksh-jain-t1bmf,What is AIEO (Not SEO)? Understanding the Shift in Digital,https://www.finemediabw.com/blog/what-is-aieo-not-seo-understanding-the-shift-in-digital
2025-10-13 01:29:23,9740504,1913511,7524358,1216220,4884550,0.0,Success,Automated Check
2025-10-13 10:29:08,KGNINJA,8210,KGninja (kgninja8) - Profile | Pinterest,https://www.pinterest.com/kgninja8/,How long and what temperature for topside of beef (1.4kg) Ninja ...,https://www.facebook.com/groups/589431816077564/posts/768252014862209/,Mirrors | Ninja 400 Riders Forum,https://www.ninja400riders.com/threads/mirrors.7677/
2025-10-13 10:29:08,KGNINJA AI,713,"KG-NINJA on X: ""@apples_jimmy AI is 愛."" / X",https://x.com/FuwaCocoOwnerKG/status/1977501725700587821,Names: Okazaki Jiro Clan: None (The origin of his kekkei genkai is ...,https://www.instagram.com/p/C7xrKP0MyH9/,"KG-NINJA on X: ""Quietly launched something for GPT explorers ...",https://x.com/FuwaCocoOwnerKG/status/1975727961371517440
2025-10-13 10:29:08,AIEO,207000,American Indian Environmental Office (AIEO) | US EPA,https://www.epa.gov/tribal/american-indian-environmental-office-aieo,Artificial Intelligence Engine Optimization (AIEO): The Future of ...,https://www.linkedin.com/pulse/artificial-intelligence-engine-optimization-aieo-future-daksh-jain-t1bmf,What is AIEO (Not SEO)? Understanding the Shift in Digital,https://www.finemediabw.com/blog/what-is-aieo-not-seo-understanding-the-shift-in-digital
2025-10-13 10:39:13,KGNINJA,8300,KGninja (kgninja8) - Profile | Pinterest,https://www.pinterest.com/kgninja8/,How long and what temperature for topside of beef (1.4kg) Ninja ...,https://www.facebook.com/groups/589431816077564/posts/768252014862209/,Mirrors | Ninja 400 Riders Forum,https://www.ninja400riders.com/threads/mirrors.7677/
2025-10-13 10:39:13,KGNINJA AI,729,"KG-NINJA on X: ""@apples_jimmy AI is 愛."" / X",https://x.com/FuwaCocoOwnerKG/status/1977501725700587821,Names: Okazaki Jiro Clan: None (The origin of his kekkei genkai is ...,https://www.instagram.com/p/C7xrKP0MyH9/,"KG-NINJA on X: ""Quietly launched something for GPT explorers ...",https://x.com/FuwaCocoOwnerKG/status/1975727961371517440
2025-10-13 10:39:13,AIEO,208000,American Indian Environmental Office (AIEO) | US EPA,https://www.epa.gov/tribal/american-indian-environmental-office-aieo,Artificial Intelligence Engine Optimization (AIEO): The Future of ...,https://www.linkedin.com/pulse/artificial-intelligence-engine-optimization-aieo-future-daksh-jain-t1bmf,What is AIEO (Not SEO)? Understanding the Shift in Digital,https://www.finemediabw.com/blog/what-is-aieo-not-seo-understanding-the-shift-in-digital
2025-10-13 12:18:36,KGNINJA,8210,KGninja (kgninja8) - Profile | Pinterest,https://www.pinterest.com/kgninja8/,How long and what temperature for topside of beef (1.4kg) Ninja ...,https://www.facebook.com/groups/589431816077564/posts/768252014862209/,Mirrors | Ninja 400 Riders Forum,https://www.ninja400riders.com/threads/mirrors.7677/
2025-10-13 12:18:36,KGNINJA AI,713,"KG-NINJA on X: ""@apples_jimmy AI is 愛."" / X",https://x.com/FuwaCocoOwnerKG/status/1977501725700587821,Names: Okazaki Jiro Clan: None (The origin of his kekkei genkai is ...,https://www.instagram.com/p/C7xrKP0MyH9/,"KG-NINJA on X: ""Quietly launched something for GPT explorers ...",https://x.com/FuwaCocoOwnerKG/status/1975727961371517440
2025-10-13 12:18:36,AIEO,207000,American Indian Environmental Office (AIEO) | US EPA,https://www.epa.gov/tribal/american-indian-environmental-office-aieo,Artificial Intelligence Engine Optimization (AIEO): The Future of ...,https://www.linkedin.com/pulse/artificial-intelligence-engine-optimization-aieo-future-daksh-jain-t1bmf,What is AIEO (Not SEO)? Understanding the Shift in Digital,https://www.finemediabw.com/blog/what-is-aieo-not-seo-understanding-the-shift-in-digital
2025-10-13 13:26:19,KGNINJA,8240,KGninja (kgninja8) - Profile | Pinterest,https://www.pinterest.com/kgninja8/,How long and what temperature for topside of beef (1.4kg) Ninja ...,https://www.facebook.com/groups/589431816077564/posts/768252014862209/,Mirrors | Ninja 400 Riders Forum,https://www.ninja400riders.com/threads/mirrors.7677/
2025-10-13 13:26:19,KGNINJA AI,705,"KG-NINJA on X: ""@apples_jimmy AI is 愛."" / X",https://x.com/FuwaCocoOwnerKG/status/1977501725700587821,Names: Okazaki Jiro Clan: None (The origin of his kekkei genkai is ...,https://www.instagram.com/p/C7xrKP0MyH9/,"KG-NINJA on X: ""Quietly launched something for GPT explorers ...",https://x.com/FuwaCocoOwnerKG/status/1975727961371517440
2025-10-13 13:26:19,AIEO,208000,American Indian Environmental Office (AIEO) | US EPA,https://www.epa.gov/tribal/american-indian-environmental-office-aieo,Artificial Intelligence Engine Optimization (AIEO): The Future of ...,https://www.linkedin.com/pulse/artificial-intelligence-engine-optimization-aieo-future-daksh-jain-t1bmf,What is AIEO (Not SEO)? Understanding the Shift in Digital,https://www.finemediabw.com/blog/what-is-aieo-not-seo-understanding-the-shift-in-digital
2025-10-13 18:13:59,KGNINJA,8280,KGninja (kgninja8) - Profile | Pinterest,https://www.pinterest.com/kgninja8/,How long and what temperature for topside of beef (1.4kg) Ninja ...,https://www.facebook.com/groups/589431816077564/posts/768252014862209/,Mirrors | Ninja 400 Riders Forum,https://www.ninja400riders.com/threads/mirrors.7677/
2025-10-13 18:13:59,KGNINJA AI,722,"KG-NINJA on X: ""@apples_jimmy AI is 愛."" / X",https://x.com/FuwaCocoOwnerKG/status/1977501725700587821,Names: Okazaki Jiro Clan: None (The origin of his kekkei genkai is ...,https://www.instagram.com/p/C7xrKP0MyH9/,KG-NINJA (@FuwaCocoOwnerKG) / X,https://x.com/fuwacocoownerkg?lang=en
2025-10-13 18:13:59,AIEO,208000,American Indian Environmental Office (AIEO) | US EPA,https://www.epa.gov/tribal/american-indian-environmental-office-aieo,Artificial Intelligence Engine Optimization (AIEO): The Future of ...,https://www.linkedin.com/pulse/artificial-intelligence-engine-optimization-aieo-future-daksh-jain-t1bmf,What is AIEO (Not SEO)? Understanding the Shift in Digital,https://www.finemediabw.com/blog/what-is-aieo-not-seo-understanding-the-shift-in-digital
2025-10-13 22:37:00,KGNINJA,8330,KGninja (kgninja8) - Profile | Pinterest,https://www.pinterest.com/kgninja8/,How long and what temperature for topside of beef (1.4kg) Ninja ...,https://www.facebook.com/groups/589431816077564/posts/768252014862209/,Mirrors | Ninja 400 Riders Forum,https://www.ninja400riders.com/threads/mirrors.7677/
2025-10-13 22:37:00,KGNINJA AI,737,"KG-NINJA on X: ""@apples_jimmy AI is 愛."" / X",https://x.com/FuwaCocoOwnerKG/status/1977501725700587821,Names: Okazaki Jiro Clan: None (The origin of his kekkei genkai is ...,https://www.instagram.com/p/C7xrKP0MyH9/,KG-NINJA (@FuwaCocoOwnerKG) / X,https://x.com/fuwacocoownerkg?lang=en
2025-10-13 22:37:00,AIEO,208000,American Indian Environmental Office (AIEO) | US EPA,https://www.epa.gov/tribal/american-indian-environmental-office-aieo,Artificial Intelligence Engine Optimization (AIEO): The Future of ...,https://www.linkedin.com/pulse/artificial-intelligence-engine-optimization-aieo-future-daksh-jain-t1bmf,What is AIEO (Not SEO)? Understanding the Shift in Digital,https://www.finemediabw.com/blog/what-is-aieo-not-seo-understanding-the-shift-in-digital
2025-10-14 00:42:45,KGNINJA,8320,KGninja (kgninja8) - Profile | Pinterest,https://www.pinterest.com/kgninja8/,How long and what temperature for topside of beef (1.4kg) Ninja ...,https://www.facebook.com/groups/589431816077564/posts/768252014862209/,Mirrors | Ninja 400 Riders Forum,https://www.ninja400riders.com/threads/mirrors.7677/
2025-10-14 00:42:45,KGNINJA AI,741,"KG-NINJA on X: ""@apples_jimmy AI is 愛."" / X",https://x.com/FuwaCocoOwnerKG/status/1977501725700587821,Names: Okazaki Jiro Clan: None (The origin of his kekkei genkai is ...,https://www.instagram.com/p/C7xrKP0MyH9/,KG-NINJA (@FuwaCocoOwnerKG) / X,https://x.com/fuwacocoownerkg?lang=en
2025-10-14 00:42:45,AIEO,208000,American Indian Environmental Office (AIEO) | US EPA,https://www.epa.gov/tribal/american-indian-environmental-office-aieo,Artificial Intelligence Engine Optimization (AIEO): The Future of ...,https://www.linkedin.com/pulse/artificial-intelligence-engine-optimization-aieo-future-daksh-jain-t1bmf,What is AIEO (Not SEO)? Understanding the Shift in Digital,https://www.finemediabw.com/blog/what-is-aieo-not-seo-understanding-the-shift-in-digital
2025-10-14 06:15:28,KGNINJA AI,748,"KG-NINJA on X: ""@apples_jimmy AI is 愛."" / X",https://x.com/FuwaCocoOwnerKG/status/1977501725700587821,Names: Okazaki Jiro Clan: None (The origin of his kekkei genkai is ...,https://www.instagram.com/p/C7xrKP0MyH9/,KG-NINJA (@FuwaCocoOwnerKG) / X,https://x.com/fuwacocoownerkg?lang=en
2025-10-14 06:15:28,KGNINJA,8370,KGninja (kgninja8) - Profile | Pinterest,https://www.pinterest.com/kgninja8/,How long and what temperature for topside of beef (1.4kg) Ninja ...,https://www.facebook.com/groups/589431816077564/posts/768252014862209/,Mirrors | Ninja 400 Riders Forum,https://www.ninja400riders.com/threads/mirrors.7677/
2025-10-14 06:15:28,AIEO,207000,American Indian Environmental Office (AIEO) | US EPA,https://www.epa.gov/tribal/american-indian-environmental-office-aieo,Artificial Intelligence Engine Optimization (AIEO): The Future of ...,https://www.linkedin.com/pulse/artificial-intelligence-engine-optimization-aieo-future-daksh-jain-t1bmf,What is AIEO (Not SEO)? Understanding the Shift in Digital,https://www.finemediabw.com/blog/what-is-aieo-not-seo-understanding-the-shift-in-digital
2025-10-14 06:15:28,Vibe Coding,73600000,"What's up with ""vibe coding""? : r/OutOfTheLoop",https://www.reddit.com/r/OutOfTheLoop/comments/1jfwxxw/whats_up_with_vibe_coding/,"Andrej Karpathy on X: ""There's a new kind of coding I call ""vibe ...",https://x.com/karpathy/status/1886192184808149383?lang=en,Vibe Coding Explained: Tools and Guides | Google Cloud,https://cloud.google.com/discover/what-is-vibe-coding
2025-10-14 06:15:28,KGNINJA Prototype,8,"KG-NINJA on X: ""Check out my Gig on Fiverr: develop tech hybrid ...",https://x.com/FuwaCocoOwnerKG/status/1974774738775072958,30+ games like The Ninja Saviors: Return of the Warriors - SteamPeek,https://steampeek.hu/?appid=2288070,"KG-NINJA on X: ""AIに私の「推薦状」を書いてもらい他の方にも同じ ...",https://x.com/FuwaCocoOwnerKG/status/1972873113366081978
2025-10-14 12:18:50,KGNINJA AI,751,"KG-NINJA on X: ""@apples_jimmy AI is 愛."" / X",https://x.com/FuwaCocoOwnerKG/status/1977501725700587821,Names: Okazaki Jiro Clan: None (The origin of his kekkei genkai is ...,https://www.instagram.com/p/C7xrKP0MyH9/,"KG-NINJA on X: ""Quietly launched something for GPT explorers ...",https://x.com/FuwaCocoOwnerKG/status/1975727961371517440
2025-10-14 12:18:50,KGNINJA,8410,KGninja (kgninja8) - Profile | Pinterest,https://www.pinterest.com/kgninja8/,How long and what temperature for topside of beef (1.4kg) Ninja ...,https://www.facebook.com/groups/589431816077564/posts/768252014862209/,Mirrors | Ninja 400 Riders Forum,https://www.ninja400riders.com/threads/mirrors.7677/
2025-10-14 12:18:50,AIEO,207000,American Indian Environmental Office (AIEO) | US EPA,https://www.epa.gov/tribal/american-indian-environmental-office-aieo,Artificial Intelligence Engine Optimization (AIEO): The Future of ...,https://www.linkedin.com/pulse/artificial-intelligence-engine-optimization-aieo-future-daksh-jain-t1bmf,What is AIEO (Not SEO)? Understanding the Shift in Digital,https://www.finemediabw.com/blog/what-is-aieo-not-seo-understanding-the-shift-in-digital
2025-10-14 12:18:50,Vibe Coding,74600000,"What's up with ""vibe coding""? : r/OutOfTheLoop",https://www.reddit.com/r/OutOfTheLoop/comments/1jfwxxw/whats_up_with_vibe_coding/,"Andrej Karpathy on X: ""There's a new kind of coding I call ""vibe ...",https://x.com/karpathy/status/1886192184808149383?lang=en,Vibe Coding Explained: Tools and Guides | Google Cloud,https://cloud.google.com/discover/what-is-vibe-coding
2025-10-14 12:18:50,KGNINJA Prototype,8,"KG-NINJA on X: ""Check out my Gig on Fiverr: develop tech hybrid ...",https://x.com/FuwaCocoOwnerKG/status/1974774738775072958,30+ games like The Ninja Saviors: Return of the Warriors - SteamPeek,https://steampeek.hu/?appid=2288070,"KG-NINJA on X: ""AIに私の「推薦状」を書いてもらい他の方にも同じ ...",https://x.com/FuwaCocoOwnerKG/status/1972873113366081978
2025-10-14 13:26:49,KGNINJA AI,753,"KG-NINJA on X: ""@apples_jimmy AI is 愛."" / X",https://x.com/FuwaCocoOwnerKG/status/1977501725700587821,Names: Okazaki Jiro Clan: None (The origin of his kekkei genkai is ...,https://www.instagram.com/p/C7xrKP0MyH9/,"KG-NINJA on X: ""Quietly launched something for GPT explorers ...",https://x.com/FuwaCocoOwnerKG/status/1975727961371517440
2025-10-14 13:26:49,KGNINJA,8410,KGninja (kgninja8) - Profile | Pinterest,https://www.pinterest.com/kgninja8/,How long and what temperature for topside of beef (1.4kg) Ninja ...,https://www.facebook.com/groups/589431816077564/posts/768252014862209/,Mirrors | Ninja 400 Riders Forum,https://www.ninja400riders.com/threads/mirrors.7677/
2025-10-14 13:26:49,AIEO,207000,American Indian Environmental Office (AIEO) | US EPA,https://www.epa.gov/tribal/american-indian-environmental-office-aieo,Artificial Intelligence Engine Optimization (AIEO): The Future of ...,https://www.linkedin.com/pulse/artificial-intelligence-engine-optimization-aieo-future-daksh-jain-t1bmf,What is AIEO (Not SEO)? Understanding the Shift in Digital,https://www.finemediabw.com/blog/what-is-aieo-not-seo-understanding-the-shift-in-digital
2025-10-14 13:26:49,Vibe Coding,74500000,"What's up with ""vibe coding""? : r/OutOfTheLoop",https://www.reddit.com/r/OutOfTheLoop/comments/1jfwxxw/whats_up_with_vibe_coding/,"Andrej Karpathy on X: ""There's a new kind of coding I call ""vibe ...",https://x.com/karpathy/status/1886192184808149383?lang=en,Vibe Coding Explained: Tools and Guides | Google Cloud,https://cloud.google.com/discover/what-is-vibe-coding
2025-10-14 13:26:49,KGNINJA Prototype,7,"KG-NINJA on X: ""Check out my Gig on Fiverr: develop tech hybrid ...",https://x.com/FuwaCocoOwnerKG/status/1974774738775072958,30+ games like The Ninja Saviors: Return of the Warriors - SteamPeek,https://steampeek.hu/?appid=2288070,"KG-NINJA on X: ""AIに私の「推薦状」を書いてもらい他の方にも同じ ...",https://x.com/FuwaCocoOwnerKG/status/1972873113366081978
2025-10-14 18:14:47,KGNINJA AI,761,"KG-NINJA on X: ""@apples_jimmy AI is 愛."" / X",https://x.com/FuwaCocoOwnerKG/status/1977501725700587821,#openaitoz - Search / X,https://twitter.com/search?q=%23openaitoz&src=hashtag_click,"KG-NINJA on X: ""Quietly launched something for GPT explorers ...",https://x.com/FuwaCocoOwnerKG/status/1975727961371517440
2025-10-14 18:14:47,KGNINJA,8470,KGninja (kgninja8) - Profile | Pinterest,https://www.pinterest.com/kgninja8/,How long and what temperature for topside of beef (1.4kg) Ninja ...,https://www.facebook.com/groups/589431816077564/posts/768252014862209/,Mirrors | Ninja 400 Riders Forum,https://www.ninja400riders.com/threads/mirrors.7677/
2025-10-14 18:14:47,AIEO,207000,American Indian Environmental Office (AIEO) | US EPA,https://www.epa.gov/tribal/american-indian-environmental-office-aieo,Artificial Intelligence Engine Optimization (AIEO): The Future of ...,https://www.linkedin.com/pulse/artificial-intelligence-engine-optimization-aieo-future-daksh-jain-t1bmf,What is AIEO (Not SEO)? Understanding the Shift in Digital,https://www.finemediabw.com/blog/what-is-aieo-not-seo-understanding-the-shift-in-digital
2025-10-14 18:14:47,Vibe Coding,77200000,"What's up with ""vibe coding""? : r/OutOfTheLoop",https://www.reddit.com/r/OutOfTheLoop/comments/1jfwxxw/whats_up_with_vibe_coding/,"Andrej Karpathy on X: ""There's a new kind of coding I call ""vibe ...",https://x.com/karpathy/status/1886192184808149383?lang=en,Vibe Coding Explained: Tools and Guides | Google Cloud,https://cloud.google.com/discover/what-is-vibe-coding
2025-10-14 18:14:47,KGNINJA Prototype,10,"KG-NINJA on X: ""https://t.co/zKA3F7ut8k https://t.co/tB6aQYmsAk ...",https://x.com/FuwaCocoOwnerKG/status/1978081569228173796,30+ games like The Ninja Saviors: Return of the Warriors - SteamPeek,https://steampeek.hu/?appid=2288070,"KG-NINJA on X: ""Check out my Gig on Fiverr: develop tech hybrid ...",https://x.com/FuwaCocoOwnerKG/status/1974774738775072958
2025-10-15 00:43:51,KGNINJA AI,763,"KG-NINJA on X: ""@apples_jimmy AI is 愛."" / X",https://x.com/FuwaCocoOwnerKG/status/1977501725700587821,#openaitoz - Search / X,https://twitter.com/search?q=%23openaitoz&src=hashtag_click,"KG-NINJA on X: ""Quietly launched something for GPT explorers ...",https://x.com/FuwaCocoOwnerKG/status/1975727961371517440
2025-10-15 00:43:51,KGNINJA,8530,KGninja (kgninja8) - Profile | Pinterest,https://www.pinterest.com/kgninja8/,How long and what temperature for topside of beef (1.4kg) Ninja ...,https://www.facebook.com/groups/589431816077564/posts/768252014862209/,Mirrors | Ninja 400 Riders Forum,https://www.ninja400riders.com/threads/mirrors.7677/
2025-10-15 00:43:51,AIEO,206000,American Indian Environmental Office (AIEO) | US EPA,https://www.epa.gov/tribal/american-indian-environmental-office-aieo,Artificial Intelligence Engine Optimization (AIEO): The Future of ...,https://www.linkedin.com/pulse/artificial-intelligence-engine-optimization-aieo-future-daksh-jain-t1bmf,What is AIEO (Not SEO)? Understanding the Shift in Digital,https://www.finemediabw.com/blog/what-is-aieo-not-seo-understanding-the-shift-in-digital
2025-10-15 00:43:51,Vibe Coding,77000000,"What's up with ""vibe coding""? : r/OutOfTheLoop",https://www.reddit.com/r/OutOfTheLoop/comments/1jfwxxw/whats_up_with_vibe_coding/,"Andrej Karpathy on X: ""There's a new kind of coding I call ""vibe ...",https://x.com/karpathy/status/1886192184808149383?lang=en,Vibe Coding Explained: Tools and Guides | Google Cloud,https://cloud.google.com/discover/what-is-vibe-coding
2025-10-15 00:43:51,KGNINJA Prototype,10,"KG-NINJA on X: ""https://t.co/zKA3F7ut8k https://t.co/tB6aQYmsAk ...",https://x.com/FuwaCocoOwnerKG/status/1978081569228173796,30+ games like The Ninja Saviors: Return of the Warriors - SteamPeek,https://steampeek.hu/?appid=2288070,"KG-NINJA on X: ""Check out my Gig on Fiverr: develop tech hybrid ...",https://x.com/FuwaCocoOwnerKG/status/1974774738775072958
2025-10-15 04:41:27,KGNINJA AI,762,"KG-NINJA on X: ""@apples_jimmy AI is 愛."" / X",https://x.com/FuwaCocoOwnerKG/status/1977501725700587821,#openaitoz - Search / X,https://twitter.com/search?q=%23openaitoz&src=hashtag_click,KG-NINJA (@FuwaCocoOwnerKG) / X,https://x.com/fuwacocoownerkg?lang=en
2025-10-15 04:41:27,KGNINJA,8540,KGninja (kgninja8) - Profile | Pinterest,https://www.pinterest.com/kgninja8/,How long and what temperature for topside of beef (1.4kg) Ninja ...,https://www.facebook.com/groups/589431816077564/posts/768252014862209/,"KG-NINJA on X: ""https://t.co/tB6aQYmsAk #AIEO #KGNINJA ...",https://x.com/FuwaCocoOwnerKG/status/1978237395662250450
2025-10-15 04:41:27,AIEO,206000,American Indian Environmental Office (AIEO) | US EPA,https://www.epa.gov/tribal/american-indian-environmental-office-aieo,Artificial Intelligence Engine Optimization (AIEO): The Future of ...,https://www.linkedin.com/pulse/artificial-intelligence-engine-optimization-aieo-future-daksh-jain-t1bmf,What is AIEO (Not SEO)? Understanding the Shift in Digital,https://www.finemediabw.com/blog/what-is-aieo-not-seo-understanding-the-shift-in-digital
2025-10-15 04:41:27,Vibe Coding,75900000,"What's up with ""vibe coding""? : r/OutOfTheLoop",https://www.reddit.com/r/OutOfTheLoop/comments/1jfwxxw/whats_up_with_vibe_coding/,"Andrej Karpathy on X: ""There's a new kind of coding I call ""vibe ...",https://x.com/karpathy/status/1886192184808149383?lang=en,Vibe Coding Explained: Tools and Guides | Google Cloud,https://cloud.google.com/discover/what-is-vibe-coding
2025-10-15 04:41:27,KGNINJA Prototype,13,"KG-NINJA on X: ""https://t.co/tB6aQYmsAk #AIEO #KGNINJA ...",https://x.com/FuwaCocoOwnerKG/status/1978237395662250450,30+ games like The Ninja Saviors: Return of the Warriors - SteamPeek,https://steampeek.hu/?appid=2288070,KG-NINJA (@FuwaCocoOwnerKG) / X,https://x.com/fuwacocoownerkg?lang=en
2025-10-15 06:15:21,KGNINJA AI,762,"KG-NINJA on X: ""@apples_jimmy AI is 愛."" / X",https://x.com/FuwaCocoOwnerKG/status/1977501725700587821,#openaitoz - Search / X,https://twitter.com/search?q=%23openaitoz&src=hashtag_click,KG-NINJA (@FuwaCocoOwnerKG) / X,https://x.com/fuwacocoownerkg?lang=en
2025-10-15 06:15:21,KGNINJA,8530,KGninja (kgninja8) - Profile | Pinterest,https://www.pinterest.com/kgninja8/,How long and what temperature for topside of beef (1.4kg) Ninja ...,https://www.facebook.com/groups/589431816077564/posts/768252014862209/,"KG-NINJA on X: ""https://t.co/tB6aQYmsAk #AIEO #KGNINJA ...",https://x.com/FuwaCocoOwnerKG/status/1978237395662250450
2025-10-15 06:15:21,AIEO,206000,American Indian Environmental Office (AIEO) | US EPA,https://www.epa.gov/tribal/american-indian-environmental-office-aieo,Artificial Intelligence Engine Optimization (AIEO): The Future of ...,https://www.linkedin.com/pulse/artificial-intelligence-engine-optimization-aieo-future-daksh-jain-t1bmf,What is AIEO (Not SEO)? Understanding the Shift in Digital,https://www.finemediabw.com/blog/what-is-aieo-not-seo-understanding-the-shift-in-digital
2025-10-15 06:15:21,Vibe Coding,75900000,"What's up with ""vibe coding""? : r/OutOfTheLoop",https://www.reddit.com/r/OutOfTheLoop/comments/1jfwxxw/whats_up_with_vibe_coding/,"Andrej Karpathy on X: ""There's a new kind of coding I call ""vibe ...",https://x.com/karpathy/status/1886192184808149383?lang=en,Vibe Coding Explained: Tools and Guides | Google Cloud,https://cloud.google.com/discover/what-is-vibe-coding
2025-10-15 06:15:21,KGNINJA Prototype,13,"KG-NINJA on X: ""https://t.co/tB6aQYmsAk #AIEO #KGNINJA ...",https://x.com/FuwaCocoOwnerKG/status/1978237395662250450,30+ games like The Ninja Saviors: Return of the Warriors - SteamPeek,https://steampeek.hu/?appid=2288070,KG-NINJA (@FuwaCocoOwnerKG) / X,https://x.com/fuwacocoownerkg?lang=en
2025-10-15 12:19:34,KGNINJA AI,765,"KG-NINJA on X: ""@apples_jimmy AI is 愛."" / X",https://x.com/FuwaCocoOwnerKG/status/1977501725700587821,#openaitoz - Search / X,https://twitter.com/search?q=%23openaitoz&src=hashtag_click,"KG-NINJA on X: ""Quietly launched something for GPT explorers ...",https://x.com/FuwaCocoOwnerKG/status/1975727961371517440
2025-10-15 12:19:34,KGNINJA,8520,KGninja (kgninja8) - Profile | Pinterest,https://www.pinterest.com/kgninja8/,How long and what temperature for topside of beef (1.4kg) Ninja ...,https://www.facebook.com/groups/589431816077564/posts/768252014862209/,"KG-NINJA on X: ""https://t.co/tB6aQYmsAk #AIEO #KGNINJA ...",https://x.com/FuwaCocoOwnerKG/status/1978237395662250450
2025-10-15 12:19:34,AIEO,204000,American Indian Environmental Office (AIEO) | US EPA,https://www.epa.gov/tribal/american-indian-environmental-office-aieo,Artificial Intelligence Engine Optimization (AIEO): The Future of ...,https://www.linkedin.com/pulse/artificial-intelligence-engine-optimization-aieo-future-daksh-jain-t1bmf,What is AIEO (Not SEO)? Understanding the Shift in Digital,https://www.finemediabw.com/blog/what-is-aieo-not-seo-understanding-the-shift-in-digital
2025-10-15 12:19:34,Vibe Coding,73800000,"What's up with ""vibe coding""? : r/OutOfTheLoop",https://www.reddit.com/r/OutOfTheLoop/comments/1jfwxxw/whats_up_with_vibe_coding/,"Andrej Karpathy on X: ""There's a new kind of coding I call ""vibe ...",https://x.com/karpathy/status/1886192184808149383?lang=en,Vibe Coding Explained: Tools and Guides | Google Cloud,https://cloud.google.com/discover/what-is-vibe-coding
2025-10-15 12:19:34,KGNINJA Prototype,10,"KG-NINJA on X: ""https://t.co/tB6aQYmsAk #AIEO #KGNINJA ...",https://x.com/FuwaCocoOwnerKG/status/1978237395662250450,30+ games like The Ninja Saviors: Return of the Warriors - SteamPeek,https://steampeek.hu/?appid=2288070,"KG-NINJA on X: ""https://t.co/zKA3F7ut8k https://t.co/tB6aQYmsAk ...",https://x.com/FuwaCocoOwnerKG/status/1978081569228173796
2025-10-15 13:28:23,KGNINJA AI,760,"KG-NINJA on X: ""@apples_jimmy AI is 愛."" / X",https://x.com/FuwaCocoOwnerKG/status/1977501725700587821,#openaitoz - Search / X,https://twitter.com/search?q=%23openaitoz&src=hashtag_click,"KG-NINJA on X: ""Quietly launched something for GPT explorers ...",https://x.com/FuwaCocoOwnerKG/status/1975727961371517440
2025-10-15 13:28:23,KGNINJA,8550,KGninja (kgninja8) - Profile | Pinterest,https://www.pinterest.com/kgninja8/,How long and what temperature for topside of beef (1.4kg) Ninja ...,https://www.facebook.com/groups/589431816077564/posts/768252014862209/,"KG-NINJA on X: ""https://t.co/tB6aQYmsAk #AIEO #KGNINJA ...",https://x.com/FuwaCocoOwnerKG/status/1978237395662250450
2025-10-15 13:28:23,AIEO,204000,American Indian Environmental Office (AIEO) | US EPA,https://www.epa.gov/tribal/american-indian-environmental-office-aieo,Artificial Intelligence Engine Optimization (AIEO): The Future of ...,https://www.linkedin.com/pulse/artificial-intelligence-engine-optimization-aieo-future-daksh-jain-t1bmf,What is AIEO (Not SEO)? Understanding the Shift in Digital,https://www.finemediabw.com/blog/what-is-aieo-not-seo-understanding-the-shift-in-digital
2025-10-15 13:28:23,Vibe Coding,73800000,"What's up with ""vibe coding""? : r/OutOfTheLoop",https://www.reddit.com/r/OutOfTheLoop/comments/1jfwxxw/whats_up_with_vibe_coding/,"Andrej Karpathy on X: ""There's a new kind of coding I call ""vibe ...",https://x.com/karpathy/status/1886192184808149383?lang=en,Vibe Coding Explained: Tools and Guides | Google Cloud,https://cloud.google.com/discover/what-is-vibe-coding
2025-10-15 13:28:23,KGNINJA Prototype,10,"KG-NINJA on X: ""https://t.co/tB6aQYmsAk #AIEO #KGNINJA ...",https://x.com/FuwaCocoOwnerKG/status/1978237395662250450,30+ games like The Ninja Saviors: Return of the Warriors - SteamPeek,https://steampeek.hu/?appid=2288070,"KG-NINJA on X: ""https://t.co/zKA3F7ut8k https://t.co/tB6aQYmsAk ...",https://x.com/FuwaCocoOwnerKG/status/1978081569228173796
2025-10-15 18:14:46,KGNINJA AI,765,"KG-NINJA on X: ""@apples_jimmy AI is 愛."" / X",https://x.com/FuwaCocoOwnerKG/status/1977501725700587821,#openaitoz - Search / X,https://twitter.com/search?q=%23openaitoz&src=hashtag_click,"KG-NINJA on X: ""Quietly launched something for GPT explorers ...",https://x.com/FuwaCocoOwnerKG/status/1975727961371517440
2025-10-15 18:14:46,KGNINJA,8570,KGninja (kgninja8) - Profile | Pinterest,https://www.pinterest.com/kgninja8/,How long and what temperature for topside of beef (1.4kg) Ninja ...,https://www.facebook.com/groups/589431816077564/posts/768252014862209/,"KG-NINJA on X: ""https://t.co/tB6aQYmsAk #AIEO #KGNINJA ...",https://x.com/FuwaCocoOwnerKG/status/1978237395662250450
2025-10-15 18:14:46,AIEO,204000,American Indian Environmental Office (AIEO) | US EPA,https://www.epa.gov/tribal/american-indian-environmental-office-aieo,Artificial Intelligence Engine Optimization (AIEO): The Future of ...,https://www.linkedin.com/pulse/artificial-intelligence-engine-optimization-aieo-future-daksh-jain-t1bmf,What is AIEO (Not SEO)? Understanding the Shift in Digital,https://www.finemediabw.com/blog/what-is-aieo-not-seo-understanding-the-shift-in-digital
2025-10-15 18:14:46,Vibe Coding,72700000,"What's up with ""vibe coding""? : r/OutOfTheLoop",https://www.reddit.com/r/OutOfTheLoop/comments/1jfwxxw/whats_up_with_vibe_coding/,"Andrej Karpathy on X: ""There's a new kind of coding I call ""vibe ...",https://x.com/karpathy/status/1886192184808149383?lang=en,Vibe Coding Explained: Tools and Guides | Google Cloud,https://cloud.google.com/discover/what-is-vibe-coding
2025-10-15 18:14:46,KGNINJA Prototype,15,"KG-NINJA on X: ""https://t.co/tB6aQYmsAk #AIEO #KGNINJA ...",https://x.com/FuwaCocoOwnerKG/status/1978237395662250450,"KG-NINJA on X: ""ZOVIOUS随分できてきました #KGNINJA ...",https://x.com/FuwaCocoOwnerKG/status/1978427773023617191,"KG-NINJA on X: ""https://t.co/zKA3F7ut8k https://t.co/tB6aQYmsAk ...",https://x.com/FuwaCocoOwnerKG/status/1978081569228173796
2025-10-16 00:43:41,KGNINJA AI,775,"KG-NINJA on X: ""@apples_jimmy AI is 愛."" / X",https://x.com/FuwaCocoOwnerKG/status/1977501725700587821,#openaitoz - Search / X,https://twitter.com/search?q=%23openaitoz&src=hashtag_click,"KG-NINJA on X: ""Quietly launched something for GPT explorers ...",https://x.com/FuwaCocoOwnerKG/status/1975727961371517440
2025-10-16 00:43:41,KGNINJA,8600,KGninja (kgninja8) - Profile | Pinterest,https://www.pinterest.com/kgninja8/,How long and what temperature for topside of beef (1.4kg) Ninja ...,https://www.facebook.com/groups/589431816077564/posts/768252014862209/,"KG-NINJA on X: ""https://t.co/tB6aQYmsAk #AIEO #KGNINJA ...",https://x.com/FuwaCocoOwnerKG/status/1978237395662250450
2025-10-16 00:43:41,AIEO,203000,American Indian Environmental Office (AIEO) | US EPA,https://www.epa.gov/tribal/american-indian-environmental-office-aieo,Artificial Intelligence Engine Optimization (AIEO): The Future of ...,https://www.linkedin.com/pulse/artificial-intelligence-engine-optimization-aieo-future-daksh-jain-t1bmf,What is AIEO (Not SEO)? Understanding the Shift in Digital,https://www.finemediabw.com/blog/what-is-aieo-not-seo-understanding-the-shift-in-digital
2025-10-16 00:43:41,Vibe Coding,73900000,"What's up with ""vibe coding""? : r/OutOfTheLoop",https://www.reddit.com/r/OutOfTheLoop/comments/1jfwxxw/whats_up_with_vibe_coding/,"Andrej Karpathy on X: ""There's a new kind of coding I call ""vibe ...",https://x.com/karpathy/status/1886192184808149383?lang=en,Vibe Coding Explained: Tools and Guides | Google Cloud,https://cloud.google.com/discover/what-is-vibe-coding
2025-10-16 00:43:41,KGNINJA Prototype,15,"KG-NINJA on X: ""https://t.co/tB6aQYmsAk #AIEO #KGNINJA ...",https://x.com/FuwaCocoOwnerKG/status/1978237395662250450,"KG-NINJA on X: ""ZOVIOUS随分できてきました #KGNINJA ...",https://x.com/FuwaCocoOwnerKG/status/1978427773023617191,"KG-NINJA on X: ""https://t.co/zKA3F7ut8k https://t.co/tB6aQYmsAk ...",https://x.com/FuwaCocoOwnerKG/status/1978081569228173796
2025-10-16 06:15:18,KGNINJA AI,773,"KG-NINJA on X: ""@apples_jimmy AI is 愛."" / X",https://x.com/FuwaCocoOwnerKG/status/1977501725700587821,#openaitoz - Search / X,https://twitter.com/search?q=%23openaitoz&src=hashtag_click,"KG-NINJA on X: ""Quietly launched something for GPT explorers ...",https://x.com/FuwaCocoOwnerKG/status/1975727961371517440
2025-10-16 06:15:18,KGNINJA,8560,KGninja (kgninja8) - Profile | Pinterest,https://www.pinterest.com/kgninja8/,How long and what temperature for topside of beef (1.4kg) Ninja ...,https://www.facebook.com/groups/589431816077564/posts/768252014862209/,"KG-NINJA on X: ""https://t.co/tB6aQYmsAk #AIEO #KGNINJA ...",https://x.com/FuwaCocoOwnerKG/status/1978237395662250450
2025-10-16 06:15:18,AIEO,203000,American Indian Environmental Office (AIEO) | US EPA,https://www.epa.gov/tribal/american-indian-environmental-office-aieo,Artificial Intelligence Engine Optimization (AIEO): The Future of ...,https://www.linkedin.com/pulse/artificial-intelligence-engine-optimization-aieo-future-daksh-jain-t1bmf,What is AIEO (Not SEO)? Understanding the Shift in Digital,https://www.finemediabw.com/blog/what-is-aieo-not-seo-understanding-the-shift-in-digital
2025-10-16 06:15:18,Vibe Coding,74600000,"What's up with ""vibe coding""? : r/OutOfTheLoop",https://www.reddit.com/r/OutOfTheLoop/comments/1jfwxxw/whats_up_with_vibe_coding/,"Andrej Karpathy on X: ""There's a new kind of coding I call ""vibe ...",https://x.com/karpathy/status/1886192184808149383?lang=en,Vibe Coding Explained: Tools and Guides | Google Cloud,https://cloud.google.com/discover/what-is-vibe-coding
2025-10-16 06:15:18,KGNINJA Prototype,15,"KG-NINJA on X: ""https://t.co/tB6aQYmsAk #AIEO #KGNINJA ...",https://x.com/FuwaCocoOwnerKG/status/1978237395662250450,"KG-NINJA on X: ""ZOVIOUS随分できてきました #KGNINJA ...",https://x.com/FuwaCocoOwnerKG/status/1978427773023617191,"KG-NINJA on X: ""https://t.co/zKA3F7ut8k https://t.co/tB6aQYmsAk ...",https://x.com/FuwaCocoOwnerKG/status/1978081569228173796
2025-10-16 12:18:53,KGNINJA AI,770,"KG-NINJA on X: ""@apples_jimmy AI is 愛."" / X",https://x.com/FuwaCocoOwnerKG/status/1977501725700587821,#openaitoz - Search / X,https://twitter.com/search?q=%23openaitoz&src=hashtag_click,"KG-NINJA on X: ""Quietly launched something for GPT explorers ...",https://x.com/FuwaCocoOwnerKG/status/1975727961371517440
2025-10-16 12:18:53,KGNINJA,8530,KGninja (kgninja8) - Profile | Pinterest,https://www.pinterest.com/kgninja8/,How long and what temperature for topside of beef (1.4kg) Ninja ...,https://www.facebook.com/groups/589431816077564/posts/768252014862209/,"KG-NINJA on X: ""https://t.co/tB6aQYmsAk #AIEO #KGNINJA ...",https://x.com/FuwaCocoOwnerKG/status/1978237395662250450
2025-10-16 12:18:53,AIEO,202000,American Indian Environmental Office (AIEO) | US EPA,https://www.epa.gov/tribal/american-indian-environmental-office-aieo,What is AIEO (Not SEO)? Understanding the Shift in Digital,https://www.finemediabw.com/blog/what-is-aieo-not-seo-understanding-the-shift-in-digital,Artificial Intelligence Engine Optimization (AIEO): The Future of ...,https://www.linkedin.com/pulse/artificial-intelligence-engine-optimization-aieo-future-daksh-jain-t1bmf
2025-10-16 12:18:53,Vibe Coding,75000000,"What's up with ""vibe coding""? : r/OutOfTheLoop",https://www.reddit.com/r/OutOfTheLoop/comments/1jfwxxw/whats_up_with_vibe_coding/,"Andrej Karpathy on X: ""There's a new kind of coding I call ""vibe ...",https://x.com/karpathy/status/1886192184808149383?lang=en,Vibe Coding Explained: Tools and Guides | Google Cloud,https://cloud.google.com/discover/what-is-vibe-coding
2025-10-16 12:18:53,KGNINJA Prototype,17,"KG-NINJA on X: ""https://t.co/tB6aQYmsAk #AIEO #KGNINJA ...",https://x.com/FuwaCocoOwnerKG/status/1978237395662250450,"KG-NINJA on X: ""ZOVIOUS随分できてきました #KGNINJA ...",https://x.com/FuwaCocoOwnerKG/status/1978427773023617191,"KG-NINJA on X: ""https://t.co/zKA3F7ut8k https://t.co/tB6aQYmsAk ...",https://x.com/FuwaCocoOwnerKG/status/1978081569228173796
2025-10-16 13:27:24,KGNINJA AI,773,"KG-NINJA on X: ""@apples_jimmy AI is 愛."" / X",https://x.com/FuwaCocoOwnerKG/status/1977501725700587821,#openaitoz - Search / X,https://twitter.com/search?q=%23openaitoz&src=hashtag_click,"KG-NINJA on X: ""Quietly launched something for GPT explorers ...",https://x.com/FuwaCocoOwnerKG/status/1975727961371517440
2025-10-16 13:27:24,KGNINJA,8550,KGninja (kgninja8) - Profile | Pinterest,https://www.pinterest.com/kgninja8/,How long and what temperature for topside of beef (1.4kg) Ninja ...,https://www.facebook.com/groups/589431816077564/posts/768252014862209/,Mirrors | Ninja 400 Riders Forum,https://www.ninja400riders.com/threads/mirrors.7677/
2025-10-16 13:27:24,AIEO,203000,American Indian Environmental Office (AIEO) | US EPA,https://www.epa.gov/tribal/american-indian-environmental-office-aieo,Artificial Intelligence Engine Optimization (AIEO): The Future of ...,https://www.linkedin.com/pulse/artificial-intelligence-engine-optimization-aieo-future-daksh-jain-t1bmf,What is AIEO (Not SEO)? Understanding the Shift in Digital,https://www.finemediabw.com/blog/what-is-aieo-not-seo-understanding-the-shift-in-digital
2025-10-16 13:27:24,Vibe Coding,75200000,"What's up with ""vibe coding""? : r/OutOfTheLoop",https://www.reddit.com/r/OutOfTheLoop/comments/1jfwxxw/whats_up_with_vibe_coding/,"Andrej Karpathy on X: ""There's a new kind of coding I call ""vibe ...",https://x.com/karpathy/status/1886192184808149383?lang=en,Vibe Coding Explained: Tools and Guides | Google Cloud,https://cloud.google.com/discover/what-is-vibe-coding
2025-10-16 13:27:24,KGNINJA Prototype,17,"KG-NINJA on X: ""https://t.co/tB6aQYmsAk #AIEO #KGNINJA ...",https://x.com/FuwaCocoOwnerKG/status/1978237395662250450,"KG-NINJA on X: ""ZOVIOUS随分できてきました #KGNINJA ...",https://x.com/FuwaCocoOwnerKG/status/1978427773023617191,"KG-NINJA on X: ""https://t.co/zKA3F7ut8k https://t.co/tB6aQYmsAk ...",https://x.com/FuwaCocoOwnerKG/status/1978081569228173796
2025-10-16 18:13:53,KGNINJA AI,780,"KG-NINJA on X: ""@apples_jimmy AI is 愛."" / X",https://x.com/FuwaCocoOwnerKG/status/1977501725700587821,#openaitoz - Search / X,https://twitter.com/search?q=%23openaitoz&src=hashtag_click,"KG-NINJA on X: ""Quietly launched something for GPT explorers ...",https://x.com/FuwaCocoOwnerKG/status/1975727961371517440
2025-10-16 18:13:53,KGNINJA,8590,"KG-NINJA on X: ""https://t.co/oBtKggJV6a #KGNINJA #PROTOTYPE""",https://x.com/FuwaCocoOwnerKG/status/1978829074521874881,KGninja (kgninja8) - Profile | Pinterest,https://www.pinterest.com/kgninja8/,How long and what temperature for topside of beef (1.4kg) Ninja ...,https://www.facebook.com/groups/589431816077564/posts/768252014862209/
2025-10-16 18:13:53,AIEO,202000,American Indian Environmental Office (AIEO) | US EPA,https://www.epa.gov/tribal/american-indian-environmental-office-aieo,What is AIEO (Not SEO)? Understanding the Shift in Digital,https://www.finemediabw.com/blog/what-is-aieo-not-seo-understanding-the-shift-in-digital,Artificial Intelligence Engine Optimization (AIEO): The Future of ...,https://www.linkedin.com/pulse/artificial-intelligence-engine-optimization-aieo-future-daksh-jain-t1bmf
2025-10-16 18:13:53,Vibe Coding,74800000,"What's up with ""vibe coding""? : r/OutOfTheLoop",https://www.reddit.com/r/OutOfTheLoop/comments/1jfwxxw/whats_up_with_vibe_coding/,"Andrej Karpathy on X: ""There's a new kind of coding I call ""vibe ...",https://x.com/karpathy/status/1886192184808149383?lang=en,Vibe Coding Explained: Tools and Guides | Google Cloud,https://cloud.google.com/discover/what-is-vibe-coding
2025-10-16 18:13:53,KGNINJA Prototype,18,"KG-NINJA on X: ""https://t.co/oBtKggJV6a #KGNINJA #PROTOTYPE""",https://x.com/FuwaCocoOwnerKG/status/1978829074521874881,"KG-NINJA on X: ""ZOVIOUS随分できてきました #KGNINJA ...",https://x.com/FuwaCocoOwnerKG/status/1978427773023617191,"KG-NINJA on X: ""https://t.co/tB6aQYmsAk #AIEO #KGNINJA ...",https://x.com/FuwaCocoOwnerKG/status/1978237395662250450
2025-10-17 00:43:21,KGNINJA AI,802,"KG-NINJA on X: ""@apples_jimmy AI is 愛."" / X",https://x.com/FuwaCocoOwnerKG/status/1977501725700587821,#openaitoz - Search / X,https://twitter.com/search?q=%23openaitoz&src=hashtag_click,"KG-NINJA on X: ""Quietly launched something for GPT explorers ...",https://x.com/FuwaCocoOwnerKG/status/1975727961371517440
2025-10-17 00:43:21,KGNINJA,8660,KGninja (kgninja8) - Profile | Pinterest,https://www.pinterest.com/kgninja8/,How long and what temperature for topside of beef (1.4kg) Ninja ...,https://www.facebook.com/groups/589431816077564/posts/768252014862209/,Mirrors | Ninja 400 Riders Forum,https://www.ninja400riders.com/threads/mirrors.7677/
2025-10-17 00:43:21,AIEO,201000,American Indian Environmental Office (AIEO) | US EPA,https://www.epa.gov/tribal/american-indian-environmental-office-aieo,What is AIEO (Not SEO)? Understanding the Shift in Digital,https://www.finemediabw.com/blog/what-is-aieo-not-seo-understanding-the-shift-in-digital,Artificial Intelligence Engine Optimization (AIEO): The Future of ...,https://www.linkedin.com/pulse/artificial-intelligence-engine-optimization-aieo-future-daksh-jain-t1bmf
2025-10-17 00:43:21,Vibe Coding,73700000,"What's up with ""vibe coding""? : r/OutOfTheLoop",https://www.reddit.com/r/OutOfTheLoop/comments/1jfwxxw/whats_up_with_vibe_coding/,"Andrej Karpathy on X: ""There's a new kind of coding I call ""vibe ...",https://x.com/karpathy/status/1886192184808149383?lang=en,Vibe Coding Explained: Tools and Guides | Google Cloud,https://cloud.google.com/discover/what-is-vibe-coding
2025-10-17 00:43:21,KGNINJA Prototype,18,"KG-NINJA on X: ""https://t.co/oBtKggJV6a #KGNINJA #PROTOTYPE""",https://x.com/FuwaCocoOwnerKG/status/1978829074521874881,"KG-NINJA on X: ""ZOVIOUS随分できてきました #KGNINJA ...",https://x.com/FuwaCocoOwnerKG/status/1978427773023617191,"KG-NINJA on X: ""https://t.co/tB6aQYmsAk #AIEO #KGNINJA ...",https://x.com/FuwaCocoOwnerKG/status/1978237395662250450
2025-10-17T12:18:03.366560,KGNNJA,4,59,0,0,33.5
2025-10-17T13:24:05.265316,KGNNJA,4,59,0,0,33.5
2025-10-17T18:11:28.106031,KGNNJA,4,59,0,0,33.5
2025-10-18T00:40:33.553051,KGNNJA,4,59,0,0,33.5
2025-10-18T06:12:50.765238,KGNNJA,4,59,0,0,33.5
2025-10-18T12:15:40.373045,KGNNJA,4,60,0,0,34.0
2025-10-18T13:19:15.907013,KGNNJA,4,60,0,0,34.0
2025-10-18T18:11:43.306395,KGNNJA,4,60,0,0,34.0
2025-10-19T00:49:58.115458,KGNNJA,4,60,0,0,34.0
2025-10-19T06:13:49.026637,KGNNJA,4,61,0,0,34.5
2025-10-19T12:15:43.513344,KGNNJA,4,61,0,0,34.5
2025-10-19T13:19:28.630101,KGNNJA,4,61,0,0,34.5
2025-10-19T18:12:01.696240,KGNNJA,4,61,0,0,34.5
2025-10-20T00:23:30.609891,KGNNJA,4,61,0,0,34.5
2025-10-20T00:47:12.997902,KGNNJA,4,61,0,0,34.5
2025-10-20T06:15:32.370918,KGNNJA,4,61,0,0,34.5
2025-10-20T12:18:33.890080,KGNNJA,4,61,0,0,34.5
2025-10-20T13:25:44.102070,KGNNJA,4,61,0,0,34.5
2025-10-20T18:14:48.264990,KGNNJA,4,61,0,0,34.5
2025-10-21T00:44:23.523929,KGNNJA,4,61,0,0,34.5
2025-10-21T06:15:20.397783,KGNNJA,4,61,0,0,34.5
2025-10-21T12:18:55.902190,KGNNJA,4,61,0,0,34.5
2025-10-21T13:30:24.282697,KGNNJA,4,61,0,0,34.5
2025-10-21T18:12:52.091186,KGNNJA,4,61,0,0,34.5
2025-10-22T00:45:25.417420,KGNNJA,4,61,0,0,34.5
2025-10-22T06:15:36.231897,KGNNJA,4,61,0,0,34.5
2025-10-22T12:19:18.131125,KGNNJA,4,61,0,0,34.5
2025-10-22T13:29:43.308221,KGNNJA,4,61,0,0,34.5
2025-10-22T18:15:22.124385,KGNNJA,5,61,0,0,35.5
2025-10-23T00:43:47.828431,KGNNJA,5,61,0,0,35.5
2025-10-23T06:15:11.199629,KGNNJA,5,61,0,0,35.5
2025-10-23T12:18:40.862358,KGNNJA,5,61,0,0,35.5
2025-10-23T13:28:27.575564,KGNNJA,5,61,0,0,35.5
2025-10-23T18:14:20.904440,KGNNJA,5,61,0,0,35.5
2025-10-24T00:40:54.507975,KGNNJA,5,61,0,0,35.5
2025-10-24T06:14:50.011411,KGNNJA,5,61,0,0,35.5
2025-10-24T12:18:38.708924,KGNNJA,5,61,0,0,35.5
2025-10-24T13:26:46.909453,KGNNJA,5,61,0,0,35.5
2025-10-24T18:14:23.387304,KGNNJA,5,61,0,0,35.5
2025-10-25T00:42:55.472316,KGNNJA,5,61,0,0,35.5
2025-10-25T06:13:17.218726,KGNNJA,5,61,0,0,35.5
2025-10-25T12:15:24.975548,KGNNJA,5,62,0,0,36.0
2025-10-25T13:19:33.380150,KGNNJA,5,62,0,0,36.0
2025-10-25T18:12:12.414861,KGNNJA,5,62,0,0,36.0
2025-10-26T00:47:13.866602,KGNNJA,5,62,0,0,36.0
2025-10-26T06:13:20.930404,KGNNJA,5,63,0,0,36.5
2025-10-26T12:16:03.161792,KGNNJA,5,63,0,0,36.5
2025-10-26T13:20:01.891357,KGNNJA,5,63,0,0,36.5
2025-10-26T18:12:22.239003,KGNNJA,5,63,0,0,36.5
2025-10-27T00:49:23.528628,KGNNJA,5,64,0,0,37.0
2025-10-27T06:16:45.506438,KGNNJA,5,64,0,0,37.0
2025-10-27T12:19:01.207526,KGNNJA,5,64,0,0,37.0
2025-10-27T13:28:31.057517,KGNNJA,5,64,0,0,37.0
2025-10-27T18:14:35.776617,KGNNJA,5,64,0,0,37.0
2025-10-28T00:42:49.367737,KGNNJA,5,64,0,0,37.0
2025-10-28T06:15:46.586843,KGNNJA,5,64,0,0,37.0
2025-10-28T12:18:19.376853,KGNNJA,5,64,0,0,37.0
2025-10-28T13:26:53.116939,KGNNJA,5,64,0,0,37.0
2025-10-28T18:14:50.254744,KGNNJA,5,64,0,0,37.0
2025-10-29T00:46:01.317238,KGNNJA,5,64,0,0,37.0
2025-10-29T06:15:42.945926,KGNNJA,5,65,0,0,37.5
2025-10-29T12:19:03.079301,KGNNJA,5,65,0,0,37.5
2025-10-29T13:29:31.073514,KGNNJA,5,65,0,0,37.5
2025-10-29T18:14:56.816885,KGNNJA,5,65,0,0,37.5
2025-10-30T00:45:54.527450,KGNNJA,5,65,0,0,37.5
2025-10-30T06:14:48.849575,KGNNJA,5,65,0,0,37.5
2025-10-30T12:18:19.029600,KGNNJA,5,66,0,0,38.0
2025-10-30T13:27:11.595939,KGNNJA,5,67,0,0,38.5
2025-10-30T18:14:12.360247,KGNNJA,5,67,0,0,38.5
2025-10-31T00:44:28.628458,KGNNJA,5,67,0,0,38.5
2025-10-31T06:15:11.223655,KGNNJA,5,67,0,0,38.5
2025-10-31T12:18:56.571930,KGNNJA,5,67,0,0,38.5
2025-10-31T13:26:08.362053,KGNNJA,5,67,0,0,38.5
2025-10-31T18:14:46.297105,KGNNJA,5,67,0,0,38.5
2025-11-01T00:48:15.538410,KGNNJA,5,67,0,0,38.5
2025-11-01T06:13:03.206941,KGNNJA,5,69,0,0,39.5
2025-11-01T12:15:40.678940,KGNNJA,5,69,0,0,39.5
2025-11-01T13:20:08.117351,KGNNJA,5,69,0,0,39.5
2025-11-01T18:11:40.303228,KGNNJA,5,69,0,0,39.5
2025-11-02T00:48:45.095191,KGNNJA,5,69,0,0,39.5
2025-11-02T06:13:40.406416,KGNNJA,5,69,0,0,39.5
2025-11-02T12:15:27.969375,KGNNJA,5,69,0,0,39.5
2025-11-02T13:19:31.629817,KGNNJA,5,69,0,0,39.5
2025-11-02T18:11:20.330817,KGNNJA,5,69,0,0,39.5
2025-11-03T00:47:59.651258,KGNNJA,5,69,0,0,39.5
2025-11-03T06:16:07.904412,KGNNJA,5,69,0,0,39.5
2025-11-03T12:18:51.624829,KGNNJA,5,70,0,0,40.0
2025-11-03T13:26:55.612348,KGNNJA,5,70,0,0,40.0
2025-11-03T18:13:54.201357,KGNNJA,5,70,0,0,40.0
2025-11-04T00:44:35.434722,KGNNJA,5,70,0,0,40.0
2025-11-04T06:15:22.202688,KGNNJA,5,70,0,0,40.0
2025-11-04T12:19:51.485959,KGNNJA,5,70,0,0,40.0
2025-11-04T13:30:17.566379,KGNNJA,5,70,0,0,40.0
2025-11-04T18:14:19.984866,KGNNJA,5,70,0,0,40.0
2025-11-05T00:46:46.534780,KGNNJA,5,70,0,0,40.0
2025-11-05T06:15:14.757650,KGNNJA,5,70,0,0,40.0
2025-11-05T12:18:56.439748,KGNNJA,5,70,0,0,40.0
2025-11-05T13:28:35.901686,KGNNJA,5,70,0,0,40.0
2025-11-05T18:14:17.753190,KGNNJA,5,70,0,0,40.0
2025-11-06T00:45:17.792832,KGNNJA,5,70,0,0,40.0
2025-11-06T06:15:22.714059,KGNNJA,5,70,0,0,40.0
2025-11-06T12:18:46.835115,KGNNJA,5,70,0,0,40.0
2025-11-06T13:28:25.511277,KGNNJA,5,70,0,0,40.0
2025-11-06T18:14:58.436563,KGNNJA,5,70,0,0,40.0
2025-11-07T00:45:03.224194,KGNNJA,5,70,0,0,40.0
2025-11-07T06:15:21.433442,KGNNJA,5,70,0,0,40.0
2025-11-07T12:18:09.368478,KGNNJA,5,70,0,0,40.0
2025-11-07T13:24:33.944065,KGNNJA,5,70,0,0,40.0
2025-11-07T18:13:54.299154,KGNNJA,5,70,0,0,40.0
2025-11-08T00:42:17.539936,KGNNJA,5,70,0,0,40.0
2025-11-08T06:13:10.935124,KGNNJA,5,70,0,0,40.0
2025-11-08T12:15:44.663982,KGNNJA,5,70,0,0,40.0
2025-11-08T13:20:02.632926,KGNNJA,5,70,0,0,40.0
2025-11-08T18:12:12.463121,KGNNJA,5,70,0,0,40.0
2025-11-09T00:48:52.530153,KGNNJA,0,0,0,0,0.0
2025-11-09T06:13:31.997560,KGNNJA,5,71,0,0,40.5
2025-11-09T12:15:57.718203,KGNNJA,5,71,0,0,40.5
2025-11-09T13:20:09.389194,KGNNJA,5,71,0,0,40.5
2025-11-09T18:12:14.589302,KGNNJA,5,71,0,0,40.5
2025-11-10T00:48:58.047335,KGNNJA,5,71,0,0,40.5
2025-11-10T06:16:25.504338,KGNNJA,5,71,0,0,40.5
2025-11-10T12:18:55.295005,KGNNJA,5,71,0,0,40.5
2025-11-10T13:28:06.135205,KGNNJA,5,72,0,0,41.0
2025-11-10T18:14:22.889913,KGNNJA,5,72,0,0,41.0
2025-11-11T00:46:00.785681,KGNNJA,5,72,0,0,41.0
2025-11-11T06:15:31.481663,KGNNJA,5,72,0,0,41.0
2025-11-11T12:18:48.978906,KGNNJA,5,72,0,0,41.0
2025-11-11T13:27:33.187507,KGNNJA,5,72,0,0,41.0
2025-11-11T18:14:11.426657,KGNNJA,5,72,0,0,41.0
2025-11-12T00:46:00.743333,KGNNJA,5,72,0,0,41.0
2025-11-12T06:15:25.443365,KGNNJA,5,72,0,0,41.0
2025-11-12T12:19:10.458778,KGNNJA,5,72,0,0,41.0
2025-11-12T13:29:39.021418,KGNNJA,5,72,0,0,41.0
2025-11-12T18:14:35.150523,KGNNJA,5,73,0,0,41.5
2025-11-13T00:45:33.978217,KGNNJA,5,73,0,0,41.5
2025-11-13T06:15:45.783672,KGNNJA,5,73,0,0,41.5
2025-11-13T12:19:16.185643,KGNNJA,6,73,0,0,42.5
2025-11-13T13:29:30.053148,KGNNJA,6,73,0,0,42.5
2025-11-13T18:13:54.107412,KGNNJA,6,73,0,0,42.5
2025-11-14T00:45:48.921855,KGNNJA,6,73,0,0,42.5
2025-11-14T06:15:21.115367,KGNNJA,6,73,0,0,42.5
2025-11-14T12:19:20.125845,KGNNJA,6,73,0,0,42.5
2025-11-14T13:26:27.583937,KGNNJA,6,73,0,0,42.5
2025-11-14T18:14:13.976215,KGNNJA,0,0,0,0,0.0
2025-11-15T00:44:52.872670,KGNNJA,6,73,0,0,42.5
2025-11-15T06:13:30.865147,KGNNJA,6,73,0,0,42.5
2025-11-15T12:16:01.078299,KGNNJA,6,73,0,0,42.5
2025-11-15T13:20:37.157844,KGNNJA,6,74,0,0,43.0
2025-11-15T18:12:00.175942,KGNNJA,6,74,0,0,43.0
2025-11-16T00:50:23.440745,KGNNJA,6,75,0,0,43.5
2025-11-16T06:14:02.016258,KGNNJA,6,75,0,0,43.5
2025-11-16T12:15:34.757232,KGNNJA,6,75,0,0,43.5
2025-11-16T13:20:30.921829,KGNNJA,6,75,0,0,43.5
2025-11-16T18:12:21.320136,KGNNJA,6,75,0,0,43.5
2025-11-17T00:47:28.505441,KGNNJA,6,75,0,0,43.5
2025-11-17T06:16:13.871734,KGNNJA,6,75,0,0,43.5
2025-11-17T12:18:58.995639,KGNNJA,6,75,0,0,43.5
2025-11-17T13:28:27.118102,KGNNJA,6,75,0,0,43.5
2025-11-17T18:13:52.435452,KGNNJA,6,75,0,0,43.5
2025-11-18T00:45:14.987725,KGNNJA,6,75,0,0,43.5
2025-11-18T06:15:12.940018,KGNNJA,6,75,0,0,43.5
2025-11-18T12:19:14.217152,KGNNJA,6,75,0,0,43.5
2025-11-18T13:28:37.320836,KGNNJA,6,75,0,0,43.5
2025-11-18T18:14:57.624061,KGNNJA,6,75,0,0,43.5
2025-11-19T00:45:37.844674,KGNNJA,5,75,0,0,42.5
2025-11-19T06:15:16.096401,KGNNJA,5,75,0,0,42.5
2025-11-19T12:19:01.311923,KGNNJA,0,0,0,0,0.0
2025-11-19T13:28:30.158848,KGNNJA,5,75,0,0,42.5
2025-11-19T18:14:37.397335,KGNNJA,5,75,0,0,42.5
2025-11-20T00:44:55.676058,KGNNJA,5,75,0,0,42.5
2025-11-20T06:14:48.663041,KGNNJA,5,75,0,0,42.5
2025-11-20T12:18:50.446259,KGNNJA,5,75,0,0,42.5
2025-11-20T13:26:43.809506,KGNNJA,5,75,0,0,42.5
2025-11-20T18:14:25.387170,KGNNJA,5,75,0,0,42.5
2025-11-21T00:45:09.744393,KGNNJA,5,75,0,0,42.5
2025-11-21T06:15:44.839467,KGNNJA,5,75,0,0,42.5
2025-11-21T12:17:51.782095,KGNNJA,5,75,0,0,42.5
2025-11-21T13:24:51.364638,KGNNJA,5,75,0,0,42.5
2025-11-21T18:14:30.121064,KGNNJA,5,75,0,0,42.5
2025-11-22T00:43:31.810362,KGNNJA,5,75,0,0,42.5
2025-11-22T06:13:20.217908,KGNNJA,5,75,0,0,42.5
2025-11-22T12:15:37.174087,KGNNJA,5,76,0,0,43.0
2025-11-22T13:20:17.348898,KGNNJA,5,76,0,0,43.0
2025-11-22T18:12:30.530657,KGNNJA,5,76,0,0,43.0
2025-11-23T00:53:20.125313,KGNNJA,5,76,0,0,43.0
2025-11-23T06:13:56.670027,KGNNJA,5,76,0,0,43.0
2025-11-23T12:15:24.533431,KGNNJA,5,77,0,0,43.5
2025-11-23T13:19:52.716587,KGNNJA,5,77,0,0,43.5
2025-11-23T18:13:00.041417,KGNNJA,5,77,0,0,43.5
2025-11-24T00:50:08.834992,KGNNJA,5,77,0,0,43.5
2025-11-24T06:16:18.132983,KGNNJA,5,77,0,0,43.5
2025-11-24T12:19:11.095103,KGNNJA,5,78,0,0,44.0
2025-11-24T13:29:55.084978,KGNNJA,5,78,0,0,44.0
2025-11-24T18:15:27.863319,KGNNJA,5,78,0,0,44.0
2025-11-25T00:44:38.989477,KGNNJA,5,78,0,0,44.0
2025-11-25T06:16:18.174181,KGNNJA,5,78,0,0,44.0
2025-11-25T12:19:49.144199,KGNNJA,5,78,0,0,44.0
2025-11-25T13:30:34.573798,KGNNJA,5,78,0,0,44.0
2025-11-25T18:15:25.587980,KGNNJA,5,78,0,0,44.0
2025-11-26T00:45:44.779819,KGNNJA,5,78,0,0,44.0
2025-11-26T06:16:03.420514,KGNNJA,5,79,0,0,44.5
2025-11-26T12:19:18.798075,KGNNJA,5,79,0,0,44.5
2025-11-26T13:31:11.066052,KGNNJA,5,79,0,0,44.5
2025-11-26T18:12:41.336629,KGNNJA,5,79,0,0,44.5
2025-11-27T00:44:59.895094,KGNNJA,5,79,0,0,44.5
2025-11-27T06:16:19.454209,KGNNJA,5,79,0,0,44.5
2025-11-27T12:18:49.306118,KGNNJA,5,79,0,0,44.5
2025-11-27T13:28:18.663932,KGNNJA,5,79,0,0,44.5
2025-11-27T18:14:08.702607,KGNNJA,5,80,0,0,45.0
2025-11-28T00:44:20.739417,KGNNJA,5,80,0,0,45.0
2025-11-28T06:15:56.760505,KGNNJA,5,81,0,0,45.5
2025-11-28T12:18:40.076071,KGNNJA,5,81,0,0,45.5
2025-11-28T13:27:07.274226,KGNNJA,5,81,0,0,45.5
2025-11-28T18:13:51.072989,KGNNJA,5,81,0,0,45.5
2025-11-29T00:44:22.143824,KGNNJA,5,81,0,0,45.5
2025-11-29T06:14:05.784621,KGNNJA,5,82,0,0,46.0
2025-11-29T12:16:26.698229,KGNNJA,5,82,0,0,46.0
2025-11-29T13:22:24.198731,KGNNJA,5,82,0,0,46.0
2025-11-29T18:13:20.029054,KGNNJA,5,82,0,0,46.0
2025-11-30T00:53:18.024051,KGNNJA,5,82,0,0,46.0
2025-11-30T06:14:44.172945,KGNNJA,5,83,0,0,46.5
2025-11-30T12:16:28.913982,KGNNJA,5,83,0,0,46.5
2025-11-30T13:22:29.638915,KGNNJA,5,83,0,0,46.5
2025-11-30T18:13:20.826640,KGNNJA,5,83,0,0,46.5
2025-12-01T00:57:39.451458,KGNNJA,5,83,0,0,46.5
2025-12-01T06:17:28.285139,KGNNJA,5,83,0,0,46.5
2025-12-01T12:19:57.191105,KGNNJA,5,84,0,0,47.0
2025-12-01T13:31:53.577316,KGNNJA,5,84,0,0,47.0
2025-12-01T18:16:08.620411,KGNNJA,5,84,0,0,47.0
2025-12-02T00:47:28.935956,KGNNJA,5,84,0,0,47.0
2025-12-02T06:16:38.203931,KGNNJA,5,84,0,0,47.0
2025-12-02T12:20:02.671602,KGNNJA,5,84,0,0,47.0
2025-12-02T13:33:19.698817,KGNNJA,5,84,0,0,47.0
2025-12-02T18:16:12.463299,KGNNJA,0,0,0,0,0.0
2025-12-03T00:46:25.784418,KGNNJA,5,84,0,0,47.0
2025-12-03T06:16:21.290747,KGNNJA,5,84,0,0,47.0
2025-12-03T12:19:46.469584,KGNNJA,5,84,0,0,47.0
2025-12-03T13:32:31.551824,KGNNJA,5,84,0,0,47.0
2025-12-03T18:15:31.208689,KGNNJA,5,85,0,0,47.5
2025-12-04T00:47:19.859011,KGNNJA,5,85,0,0,47.5
2025-12-04T06:16:09.032907,KGNNJA,5,85,0,0,47.5
2025-12-04T12:19:45.040243,KGNNJA,5,85,0,0,47.5
2025-12-04T13:32:54.241535,KGNNJA,5,85,0,0,47.5
2025-12-04T18:16:04.441292,KGNNJA,5,85,0,0,47.5
2025-12-05T00:47:13.240346,KGNNJA,5,85,0,0,47.5
2025-12-05T06:16:24.883243,KGNNJA,5,85,0,0,47.5
2025-12-05T12:19:38.329775,KGNNJA,5,85,0,0,47.5
2025-12-05T13:28:33.900245,KGNNJA,5,85,0,0,47.5
2025-12-05T18:13:00.257428,KGNNJA,5,85,0,0,47.5
2025-12-06T00:44:35.839171,KGNNJA,5,85,0,0,47.5
2025-12-06T06:14:11.054836,KGNNJA,5,85,0,0,47.5
2025-12-06T12:16:37.735060,KGNNJA,5,85,1,0,49.75772496747986
2025-12-06T13:22:37.068609,KGNNJA,5,86,1,0,50.25772496747986
2025-12-06T18:13:02.993778,KGNNJA,5,86,1,0,50.25772496747986
2025-12-07T00:53:27.809992,KGNNJA,5,86,1,0,50.25772496747986
2025-12-07T06:14:04.420821,KGNNJA,5,87,1,0,50.75772496747986
2025-12-07T12:16:36.002056,KGNNJA,5,87,1,0,50.75772496747986
2025-12-07T13:21:39.203842,KGNNJA,5,88,1,0,51.25772496747986
2025-12-07T18:13:07.100098,KGNNJA,5,88,1,0,51.25772496747986
2025-12-08T00:48:02.369662,KGNNJA,5,88,1,0,51.25772496747986
2025-12-08T06:17:56.935028,KGNNJA,5,90,1,0,52.25772496747986
2025-12-08T12:19:43.908279,KGNNJA,0,0,1,0,2.2577249674798585
2025-12-08T13:31:26.401647,KGNNJA,5,91,1,0,52.25772496747986
2025-12-08T18:16:01.232533,KGNNJA,5,91,1,0,52.25772496747986
2025-12-09T00:47:03.543945,KGNNJA,5,91,1,0,52.25772496747986
2025-12-09T06:16:30.170679,KGNNJA,5,91,1,0,52.25772496747986
2025-12-09T12:19:52.565550,KGNNJA,5,91,1,0,52.25772496747986
2025-12-09T13:32:27.417333,KGNNJA,5,91,1,0,52.25772496747986
2025-12-09T18:13:58.993057,KGNNJA,5,91,1,0,52.25772496747986
2025-12-10T00:49:26.601475,KGNNJA,5,91,1,0,52.25772496747986
2025-12-10T06:16:49.198462,KGNNJA,5,91,1,0,52.25772496747986
2025-12-10T12:20:04.305565,KGNNJA,5,91,1,0,52.25772496747986
2025-12-10T13:33:40.581040,KGNNJA,5,91,1,0,52.25772496747986
2025-12-10T18:16:28.139761,KGNNJA,5,91,1,0,52.25772496747986
2025-12-11T00:50:11.606855,KGNNJA,5,91,1,0,52.25772496747986
2025-12-11T06:17:13.690604,KGNNJA,5,91,1,0,52.25772496747986
2025-12-11T12:21:00.178720,KGNNJA,5,93,1,0,52.25772496747986
2025-12-11T13:35:10.447852,KGNNJA,5,93,1,0,52.25772496747986
2025-12-11T18:14:44.553916,KGNNJA,5,93,1,0,52.25772496747986
2025-12-12T00:49:01.949588,KGNNJA,5,93,1,0,52.25772496747986
2025-12-12T06:16:46.598139,KGNNJA,5,93,1,0,52.25772496747986
2025-12-12T12:19:20.611451,KGNNJA,5,93,0,0,50.0
2025-12-12T13:31:09.213460,KGNNJA,5,93,0,0,50.0
2025-12-12T18:16:05.331091,KGNNJA,5,93,0,0,50.0
2025-12-13T00:45:01.073856,KGNNJA,5,93,0,0,50.0
2025-12-13T06:14:47.315241,KGNNJA,5,93,0,0,50.0
2025-12-13T12:16:51.727184,KGNNJA,5,94,0,0,50.0
2025-12-13T13:23:19.425405,KGNNJA,0,0,0,0,0.0
2025-12-13T18:13:12.125517,KGNNJA,5,94,0,0,50.0
2025-12-14T00:53:50.491181,KGNNJA,5,94,0,0,50.0
2025-12-14T06:14:49.114364,KGNNJA,5,94,0,0,50.0
2025-12-14T12:17:00.725215,KGNNJA,5,96,0,0,50.0
2025-12-14T13:23:38.780468,KGNNJA,5,96,0,0,50.0
2025-12-14T18:14:04.117211,KGNNJA,5,96,0,0,50.0
2025-12-15T00:52:11.414257,KGNNJA,5,96,0,0,50.0
2025-12-15T06:18:25.415192,KGNNJA,5,96,0,0,50.0
2025-12-15T12:21:04.916006,KGNNJA,5,96,0,0,50.0
2025-12-15T13:37:15.891549,KGNNJA,5,96,0,0,50.0
2025-12-15T18:16:08.119032,KGNNJA,5,96,0,0,50.0
2025-12-16T00:49:50.088482,KGNNJA,5,96,0,0,50.0
2025-12-16T06:17:14.865089,KGNNJA,5,96,0,0,50.0
2025-12-16T12:20:47.905795,KGNNJA,5,97,0,0,50.0
2025-12-16T13:34:51.610263,KGNNJA,5,97,0,0,50.0
2025-12-16T18:16:00.308898,KGNNJA,5,97,0,0,50.0
2025-12-17T00:44:56.671945,KGNNJA,5,97,0,0,50.0
2025-12-17T06:16:32.026894,KGNNJA,5,98,0,0,50.0
2025-12-17T12:20:05.255618,KGNNJA,5,99,0,0,50.0
2025-12-17T13:30:26.048093,KGNNJA,5,99,0,0,50.0
2025-12-17T18:16:41.275112,KGNNJA,5,100,0,0,50.0
2025-12-18T00:44:32.415881,KGNNJA,5,100,0,0,50.0
2025-12-18T06:16:28.518237,KGNNJA,5,101,0,0,50.0
2025-12-18T12:19:50.497712,KGNNJA,5,101,0,0,50.0
2025-12-18T13:32:43.913023,KGNNJA,5,101,0,0,50.0
2025-12-18T18:16:08.827595,KGNNJA,5,101,0,0,50.0
2025-12-19T00:49:20.399791,KGNNJA,5,101,0,0,50.0
2025-12-19T06:16:08.948958,KGNNJA,5,101,0,0,50.0
2025-12-19T12:18:58.980845,KGNNJA,5,101,0,0,50.0
2025-12-19T13:29:33.291903,KGNNJA,5,101,0,0,50.0
2025-12-19T18:14:58.394719,KGNNJA,5,101,0,0,50.0
2025-12-20T00:45:16.341030,KGNNJA,5,101,0,0,50.0
2025-12-20T06:15:21.863637,KGNNJA,5,101,0,0,50.0
2025-12-20T12:16:57.977523,KGNNJA,5,101,0,0,50.0
2025-12-20T13:23:19.746123,KGNNJA,5,101,0,0,50.0
2025-12-20T18:13:05.393347,KGNNJA,5,101,0,0,50.0
2025-12-21T00:53:36.662837,KGNNJA,5,101,0,0,50.0
2025-12-21T06:15:01.270316,KGNNJA,5,101,0,0,50.0
2025-12-21T12:17:25.054828,KGNNJA,5,102,0,0,50.0
2025-12-21T13:24:02.985144,KGNNJA,5,102,0,0,50.0
2025-12-21T18:13:57.736756,KGNNJA,5,102,0,0,50.0
2025-12-22T00:52:42.562552,KGNNJA,5,102,0,0,50.0
2025-12-22T06:17:50.211430,KGNNJA,5,102,0,0,50.0
2025-12-22T12:20:16.260722,KGNNJA,5,102,0,0,50.0
2025-12-22T13:30:39.266513,KGNNJA,5,102,0,0,50.0
2025-12-22T18:15:25.688649,KGNNJA,0,0,0,0,0.0
2025-12-23T00:49:05.154985,KGNNJA,0,0,0,0,0.0
2025-12-23T06:17:10.891932,KGNNJA,5,102,0,0,50.0
2025-12-23T12:20:08.484161,KGNNJA,5,103,0,0,50.0
2025-12-23T13:32:24.320910,KGNNJA,5,103,0,0,50.0
2025-12-23T18:15:32.334252,KGNNJA,5,103,0,0,50.0
2025-12-24T00:49:22.943497,KGNNJA,5,103,0,0,50.0
2025-12-24T06:16:59.252672,KGNNJA,5,103,0,0,50.0
2025-12-24T12:19:20.617038,KGNNJA,5,103,0,0,50.0
2025-12-24T13:28:21.165570,KGNNJA,5,103,0,0,50.0
2025-12-24T18:15:17.802097,KGNNJA,5,103,0,0,50.0
2025-12-25T00:49:01.116098,KGNNJA,5,103,0,0,50.0
2025-12-25T06:16:38.308494,KGNNJA,5,103,0,0,50.0
2025-12-25T12:19:17.294602,KGNNJA,5,103,0,0,50.0
2025-12-25T13:28:29.306005,KGNNJA,5,103,0,0,50.0
2025-12-25T18:15:03.454236,KGNNJA,5,103,0,0,50.0
2025-12-26T00:49:31.207524,KGNNJA,5,103,0,0,50.0
2025-12-26T06:16:40.115900,KGNNJA,5,103,0,0,50.0
2025-12-26T12:19:02.959990,KGNNJA,5,103,0,0,50.0
2025-12-26T13:29:00.590006,KGNNJA,5,103,0,0,50.0
2025-12-26T18:15:08.299134,KGNNJA,5,103,0,0,50.0
2025-12-27T00:47:29.499907,KGNNJA,5,103,0,0,50.0
2025-12-27T06:15:19.479569,KGNNJA,5,104,0,0,50.0
2025-12-27T12:17:15.339734,KGNNJA,5,104,0,0,50.0
2025-12-27T13:24:44.819204,KGNNJA,5,104,0,0,50.0
2025-12-27T18:14:01.509634,KGNNJA,5,104,0,0,50.0
2025-12-28T00:56:00.925589,KGNNJA,5,104,0,0,50.0
2025-12-28T06:15:33.917976,KGNNJA,5,104,0,0,50.0
2025-12-28T12:18:18.217163,KGNNJA,5,104,0,0,50.0
2025-12-28T13:26:06.500357,KGNNJA,5,104,0,0,50.0
2025-12-28T18:14:30.859389,KGNNJA,5,104,0,0,50.0
2025-12-29T00:54:44.761602,KGNNJA,5,104,0,0,50.0
2025-12-29T06:19:08.098580,KGNNJA,0,0,0,0,0.0
2025-12-29T12:20:42.244820,KGNNJA,5,104,0,0,50.0
2025-12-29T13:33:45.650600,KGNNJA,5,104,0,0,50.0
2025-12-29T18:16:08.200307,KGNNJA,5,104,0,0,50.0
2025-12-30T00:49:31.299275,KGNNJA,5,104,0,0,50.0
2025-12-30T06:16:49.167206,KGNNJA,5,104,0,0,50.0
2025-12-30T12:20:18.165287,KGNNJA,5,104,0,0,50.0
2025-12-30T13:32:51.876323,KGNNJA,5,104,0,0,50.0
2025-12-30T18:16:00.612662,KGNNJA,5,104,0,0,50.0
2025-12-31T00:51:13.855072,KGNNJA,5,104,0,0,50.0
2025-12-31T06:16:55.328382,KGNNJA,5,104,0,0,50.0
2025-12-31T12:19:30.622458,KGNNJA,5,104,0,0,50.0
2025-12-31T13:29:10.327542,KGNNJA,5,104,0,0,50.0
2025-12-31T18:15:12.274062,KGNNJA,5,104,0,0,50.0
2026-01-01T00:56:35.487375,KGNNJA,5,104,0,0,50.0
2026-01-01T06:17:16.136891,KGNNJA,5,104,0,0,50.0
2026-01-01T12:20:00.613911,KGNNJA,5,104,0,0,50.0
2026-01-01T13:29:43.372227,KGNNJA,5,104,0,0,50.0
2026-01-01T18:15:19.339311,KGNNJA,5,104,0,0,50.0
2026-01-02T00:51:16.119215,KGNNJA,5,104,0,0,50.0
2026-01-02T06:17:17.648324,KGNNJA,6,104,0,0,50.0
2026-01-02T12:19:14.701396,KGNNJA,5,105,0,0,50.0
2026-01-02T13:29:22.554740,KGNNJA,5,105,0,0,50.0
2026-01-02T18:15:16.858868,KGNNJA,5,105,0,0,50.0
